RecallRecId,UserName,UserID,RecallNo,RecallAttempt,RecallStatus,IntakeStartDateTime,IntakeEndDateTime,ReportingDate,Lang,Occ_No,Occ_Time,Occ_Name,EatWith,WatchTVuseComputer,Location,FoodNum,FoodType,FoodSrce,CodeNum,FoodCode,ModCode,HowMany,SubCode,PortionCode,FoodAmt,KCAL,PROT,TFAT,CARB,MOIS,ALC,CAFF,THEO,SUGR,FIBE,CALC,IRON,MAGN,PHOS,POTA,SODI,ZINC,COPP,SELE,VC,VB1,VB2,NIAC,VB6,FOLA,FA,FF,FDFE,VB12,VARA,RET,BCAR,ACAR,CRYP,LYCO,LZ,ATOC,VK,CHOLE,SFAT,S040,S060,S080,S100,S120,S140,S160,S180,MFAT,M161,M181,M201,M221,PFAT,P182,P183,P184,P204,P205,P225,P226,VITD,CHOLN,VITE_ADD,B12_ADD,F_TOTAL,F_CITMLB,F_OTHER,F_JUICE,V_TOTAL,V_DRKGR,V_REDOR_TOTAL,V_REDOR_TOMATO,V_REDOR_OTHER,V_STARCHY_TOTAL,V_STARCHY_POTATO,V_STARCHY_OTHER,V_OTHER,V_LEGUMES,G_TOTAL,G_WHOLE,G_REFINED,PF_TOTAL,PF_MPS_TOTAL,PF_MEAT,PF_CUREDMEAT,PF_ORGAN,PF_POULT,PF_SEAFD_HI,PF_SEAFD_LOW,PF_EGGS,PF_SOY,PF_NUTSDS,PF_LEGUMES,D_TOTAL,D_MILK,D_YOGURT,D_CHEESE,OILS,SOLID_FATS,ADD_SUGARS,A_DRINKS,FoodComp,Food_Description
"f52ae861-cd5b-4ec2-9af1-eec184537f78",Snow373,"4fcd4df5-55ea-4249-b8fd-7b64a1ad9e58",4,0,2,"05/20/2018 0:00","05/20/2018 23:59",05/21/2018,1,1,"05/20/2018 11:00",1,4,1,1,1,1,"Other store (any type)",1,57123000,0,1.0,0,10205,28.0,105.84,3.3852,1.8844,20.5044,1.4364,0.0,0.0,0.0,1.2208,2.632,112.28,9.2876,35.84,134.68,179.48,139.16,4.6844,0.1078,6.972,6.048,0.37156,0.39676,5.87076,0.6692,199.92,194.6,5.32,336.28,1.8956,277.2,277.2,0.0,0.0,0.0,0.0,41.72,0.182,0.504,0.0,0.42,0.0,0.0,0.0,0.0,0.0,0.00504,0.36876,0.0364,0.66528,0.00308,0.64876,0.0126,5.6E-4,0.68096,0.65968,0.01904,0.0,0.0,0.0,0.0,0.0,0.952,7.336,0.0,1.8956,0.0,0.0,0.0,0.0,0.0,0.0,0.0,0.0,0.0,0.0,0.0,0.0,0.0,0.0,0.9184,0.9184,0.0,0.0,0.0,0.0,0.0,0.0,0.0,0.0,0.0,0.0,0.0,0.0,0.0,0.0,0.0,0.0,0.0,0.0,0.0,0.19879999999999998,0.0,1,Cheerios
"f52ae861-cd5b-4ec2-9af1-eec184537f78",Snow373,"4fcd4df5-55ea-4249-b8fd-7b64a1ad9e58",4,0,2,"05/20/2018 0:00","05/20/2018 23:59",05/21/2018,1,1,"05/20/2018 11:00",1,4,1,1,2,2,"Other store (any type)",2,11112110,0,1.0,0,10205,244.0,122.0,8.052,4.8312,11.712,217.6724,0.0,0.0,0.0,12.3464,0.0,292.8,0.0488,26.84,224.48,341.6,114.68,1.1712,0.01464,6.1,0.488,0.09516,0.4514,0.22448,0.09272,12.2,0.0,12.2,12.2,1.2932,134.2,134.2,9.76,0.0,0.0,0.0,0.0,0.0732,0.488,19.52,3.06708,0.18788,0.0976,0.0488,0.11956,0.1342,0.427,1.36152,0.59292,1.3664,0.06588,1.23952,0.00488,0.0,0.17812,0.15128,0.01952,0.0,0.0,0.0,0.0,0.0,2.928,40.016,0.0,0.0,0.0,0.0,0.0,0.0,0.0,0.0,0.0,0.0,0.0,0.0,0.0,0.0,0.0,0.0,0.0,0.0,0.0,0.0,0.0,0.0,0.0,0.0,0.0,0.0,0.0,0.0,0.0,0.0,0.0,1.0004,1.0004,0.0,0.0,0.0,3.3428000000000004,0.0,0.0,1,"Milk, cow's, fluid, 2% fat"
"f52ae861-cd5b-4ec2-9af1-eec184537f78",Snow373,"4fcd4df5-55ea-4249-b8fd-7b64a1ad9e58",4,0,2,"05/20/2018 0:00","05/20/2018 23:59",05/21/2018,1,1,"05/20/2018 11:00",1,4,1,1,3,2,"Other store (any type)",3,63107010,0,8.0,0,61935,48.0,42.72,0.5232,0.1584,10.9632,35.9568,0.0,0.0,0.0,5.8704,1.248,2.4,0.1248,12.96,10.56,171.84,0.48,0.072,0.03744,0.48,4.176,0.01488,0.03504,0.3192,0.17616,9.6,0.0,9.6,9.6,0.0,1.44,0.0,12.48,12.0,0.0,0.0,10.56,0.048,0.24,0.0,0.05376,0.0,0.0,0.0,4.8E-4,9.6E-4,9.6E-4,0.04896,0.0024,0.01536,0.0048,0.01056,0.0,0.0,0.03504,0.02208,0.01296,0.0,0.0,0.0,0.0,0.0,0.0,4.704,0.0,0.0,0.3216,0.0,0.3216,0.0,0.0,0.0,0.0,0.0,0.0,0.0,0.0,0.0,0.0,0.0,0.0,0.0,0.0,0.0,0.0,0.0,0.0,0.0,0.0,0.0,0.0,0.0,0.0,0.0,0.0,0.0,0.0,0.0,0.0,0.0,0.0,0.0,0.0,1,"Banana, raw"
"f52ae861-cd5b-4ec2-9af1-eec184537f78",Snow373,"4fcd4df5-55ea-4249-b8fd-7b64a1ad9e58",4,0,2,"05/20/2018 0:00","05/20/2018 23:59",05/21/2018,1,1,"05/20/2018 11:00",1,4,1,1,4,1,"Other store (any type)",4,32131000,0,6.0,0,61009,678.0,1240.74,79.326,93.8352,17.628,473.78639999999996,0.0,0.0,0.0,11.3904,2.0340000000000003,691.5600000000001,7.3902,101.69999999999999,1213.6200000000001,1450.92,2922.18,9.017399999999999,0.4407,130.17600000000002,23.73,0.7458,1.9390800000000001,8.21058,1.04412,142.38,0.0,142.38,142.38,4.2036,759.36,684.78,779.6999999999999,162.72,27.119999999999997,4183.26,1715.34,7.458,40.001999999999995,1274.6399999999999,32.6457,0.6169800000000001,0.31866,0.18984,0.40001999999999993,0.35256,2.3390999999999997,19.48572,8.00718,35.7984,1.82382,33.1881,0.41358000000000006,0.00678,19.62132,16.59066,1.7492400000000001,0.0,0.65766,0.0,0.040679999999999994,0.17628,8.814,871.23,0.0,0.0,0.0,0.0,0.0,0.0,1.0848,0.0,1.0848,1.0848,0.0,0.0,0.0,0.0,0.0,0.0,0.0,0.0,0.0,9.356399999999999,3.3221999999999996,0.0,3.3221999999999996,0.0,0.0,0.0,0.0,6.0342,0.0,0.0,0.0,1.6272,0.4068,0.0,1.2204,20.4756,45.9684,0.0,0.0,1,"Egg omelet or scrambled egg, with cheese, meat, and tomatoes, fat added in cooking"
"f52ae861-cd5b-4ec2-9af1-eec184537f78",Snow373,"4fcd4df5-55ea-4249-b8fd-7b64a1ad9e58",4,0,2,"05/20/2018 0:00","05/20/2018 23:59",05/21/2018,1,1,"05/20/2018 11:00",1,4,1,1,5,1,"Other store (any type)",5,61210220,0,9.6,0,30000,298.56,146.2944,2.030208,0.358272,34.453824,260.404032,0.0,0.0,0.0,24.810336,0.8956799999999999,32.8416,0.388128,32.8416,50.755199999999995,531.4368,5.9712,0.208992,0.1253952,0.29856,100.31616,0.13733759999999998,0.11643839999999998,0.835968,0.22690559999999999,56.7264,0.0,56.7264,56.7264,0.0,5.9712,0.0,23.8848,23.8848,80.6112,0.0,80.6112,0.59712,0.0,0.0,0.0417984,0.0,0.0,0.0,0.0,0.0,0.0,0.0417984,0.0,0.0656832,0.0089568,0.0537408,0.0,0.0,0.089568,0.06866879999999999,0.0208992,0.0,0.0,0.0,0.0,0.0,0.0,18.51072,0.0,0.0,1.19424,0.0,0.0,1.19424,0.0,0.0,0.0,0.0,0.0,0.0,0.0,0.0,0.0,0.0,0.0,0.0,0.0,0.0,0.0,0.0,0.0,0.0,0.0,0.0,0.0,0.0,0.0,0.0,0.0,0.0,0.0,0.0,0.0,0.0,0.0,0.0,0.0,1,"Orange juice, canned, bottled or in a carton"
"f52ae861-cd5b-4ec2-9af1-eec184537f78",Snow373,"4fcd4df5-55ea-4249-b8fd-7b64a1ad9e58",4,0,2,"05/20/2018 0:00","05/20/2018 23:59",05/21/2018,1,1,"05/20/2018 11:00",1,4,1,1,6,1,"Other store (any type)",6,92101000,0,12.0,0,30000,355.20000000000005,3.5519999999999996,0.42624000000000006,0.07103999999999999,0.0,353.03328,0.0,142.07999999999998,0.0,0.0,0.0,7.103999999999999,0.035519999999999996,10.656,10.656,174.048,7.103999999999999,0.07103999999999999,0.007103999999999999,0.0,0.0,0.049728,0.26995199999999997,0.678432,0.0035519999999999996,7.103999999999999,0.0,7.103999999999999,7.103999999999999,0.0,0.0,0.0,0.0,0.0,0.0,0.0,0.0,0.035519999999999996,0.3552,0.0,0.007103999999999999,0.0,0.0,0.0,0.0,0.0,0.0,0.007103999999999999,0.0,0.05328000000000001,0.0,0.0,0.0,0.0,0.0035519999999999996,0.0035519999999999996,0.0,0.0,0.0,0.0,0.0,0.0,0.0,9.235199999999999,0.0,0.0,0.0,0.0,0.0,0.0,0.0,0.0,0.0,0.0,0.0,0.0,0.0,0.0,0.0,0.0,0.0,0.0,0.0,0.0,0.0,0.0,0.0,0.0,0.0,0.0,0.0,0.0,0.0,0.0,0.0,0.0,0.0,0.0,0.0,0.0,0.0,0.0,0.0,1,"Coffee, made from ground, regular"
"f52ae861-cd5b-4ec2-9af1-eec184537f78",Snow373,"4fcd4df5-55ea-4249-b8fd-7b64a1ad9e58",4,0,2,"05/20/2018 0:00","05/20/2018 23:59",05/21/2018,1,1,"05/20/2018 11:00",1,4,1,1,7,2,"Other store (any type)",7,12210200,0,12.0,0,63480,30.0,40.8,0.30000000000000004,2.991,3.4139999999999997,23.181,0.0,0.0,0.0,3.4139999999999997,0.0,2.7,0.009000000000000001,0.0,19.200000000000003,57.300000000000004,20.1,0.006,0.0,0.33,0.0,0.0,0.0,0.0,0.0,0.0,0.0,0.0,0.0,0.0,0.30000000000000004,0.0,2.7,0.0,0.0,0.0,0.0,0.243,0.75,0.0,0.5811000000000001,0.0,0.0,0.0015,0.0039,0.0186,0.0057,0.2652,0.2928,2.2653,0.0,2.2677,0.0,0.0,0.0081,0.0066,0.0,0.0,0.0,0.0,0.0,0.0,0.0,0.0,0.0,0.0,0.0,0.0,0.0,0.0,0.0,0.0,0.0,0.0,0.0,0.0,0.0,0.0,0.0,0.0,0.0,0.0,0.0,0.0,0.0,0.0,0.0,0.0,0.0,0.0,0.0,0.0,0.0,0.0,0.0,0.0,0.0,0.0,0.0,0.0,2.9910000000000005,0.8130000000000001,0.0,1,"Cream substitute, liquid"
"f52ae861-cd5b-4ec2-9af1-eec184537f78",Snow373,"4fcd4df5-55ea-4249-b8fd-7b64a1ad9e58",4,0,2,"05/20/2018 0:00","05/20/2018 23:59",05/21/2018,1,1,"05/20/2018 11:00",1,4,1,1,8,2,"Other store (any type)",8,91101010,0,2.0,0,22000,8.4,32.508,0.0,0.0,8.39832,0.00168,0.0,0.0,0.0,8.3832,0.0,0.084,0.0042,0.0,0.0,0.168,0.084,8.4E-4,5.88E-4,0.0504,0.0,0.0,0.001596,0.0,0.0,0.0,0.0,0.0,0.0,0.0,0.0,0.0,0.0,0.0,0.0,0.0,0.0,0.0,0.0,0.0,0.0,0.0,0.0,0.0,0.0,0.0,0.0,0.0,0.0,0.0,0.0,0.0,0.0,0.0,0.0,0.0,0.0,0.0,0.0,0.0,0.0,0.0,0.0,0.0,0.0,0.0,0.0,0.0,0.0,0.0,0.0,0.0,0.0,0.0,0.0,0.0,0.0,0.0,0.0,0.0,0.0,0.0,0.0,0.0,0.0,0.0,0.0,0.0,0.0,0.0,0.0,0.0,0.0,0.0,0.0,0.0,0.0,0.0,0.0,0.0,0.0,1.9958400000000003,0.0,1,"Sugar, white, granulated or lump"
"f52ae861-cd5b-4ec2-9af1-eec184537f78",Snow373,"4fcd4df5-55ea-4249-b8fd-7b64a1ad9e58",4,0,2,"05/20/2018 0:00","05/20/2018 23:59",05/21/2018,1,2,"05/20/2018 14:00",6,1,4,6,9,1,"Other cafeteria",9,94100100,0,10.14,0,30000,300.144,0.0,0.0,0.0,0.0,300.0839712,0.0,0.0,0.0,0.0,0.0,30.014400000000002,0.0,6.00288,0.0,0.0,6.00288,0.0,0.02101008,0.0,0.0,0.0,0.0,0.0,0.0,0.0,0.0,0.0,0.0,0.0,0.0,0.0,0.0,0.0,0.0,0.0,0.0,0.0,0.0,0.0,0.0,0.0,0.0,0.0,0.0,0.0,0.0,0.0,0.0,0.0,0.0,0.0,0.0,0.0,0.0,0.0,0.0,0.0,0.0,0.0,0.0,0.0,0.0,0.0,0.0,0.0,0.0,0.0,0.0,0.0,0.0,0.0,0.0,0.0,0.0,0.0,0.0,0.0,0.0,0.0,0.0,0.0,0.0,0.0,0.0,0.0,0.0,0.0,0.0,0.0,0.0,0.0,0.0,0.0,0.0,0.0,0.0,0.0,0.0,0.0,0.0,0.0,0.0,1,"Water, bottled, unsweetened"
"f52ae861-cd5b-4ec2-9af1-eec184537f78",Snow373,"4fcd4df5-55ea-4249-b8fd-7b64a1ad9e58",4,0,2,"05/20/2018 0:00","05/20/2018 23:59",05/21/2018,1,2,"05/20/2018 14:00",6,1,4,6,10,1,"Other cafeteria",10,91746100,0,1.0,0,61538,48.0,236.16,2.0784,10.1424,34.1712,0.816,0.0,6.72,68.64,30.5664,1.344,50.4,0.5328,21.12,70.08,125.28,29.28,0.7728,0.16512,1.584,0.24,0.03792,0.10224,0.1296,0.012,3.84,0.0,3.84,3.84,0.2544,26.88,26.88,0.0,0.0,0.0,0.0,0.0,0.1728,1.92,6.72,6.2784,0.22176,0.08016,0.0456,0.08688,0.09552,0.29232,2.6232,2.6904,2.48784,0.07056,2.36976,0.0,0.0,0.44208,0.41472,0.02736,0.0,0.0,0.0,0.0,0.0,0.0,10.416,0.0,0.0,0.0,0.0,0.0,0.0,0.0,0.0,0.0,0.0,0.0,0.0,0.0,0.0,0.0,0.0,0.0,0.0,0.0,0.0,0.0,0.0,0.0,0.0,0.0,0.0,0.0,0.0,0.0,0.0,0.0,0.15360000000000001,0.15360000000000001,0.0,0.0,0.0,8.2032,6.537599999999999,0.0,1,"M&M's Milk Chocolate Candies (formerly M&M's Plain Chocolate Candies)"
"f52ae861-cd5b-4ec2-9af1-eec184537f78",Snow373,"4fcd4df5-55ea-4249-b8fd-7b64a1ad9e58",4,0,2,"05/20/2018 0:00","05/20/2018 23:59",05/21/2018,1,3,"05/20/2018 17:00",3,2,3,3,11,1,,11,58106725,0,2.0,0,64369,204.0,497.76,22.4808,22.236,51.7752,102.816,0.0,0.0,0.0,7.6092,4.488,244.8,3.7944,46.92,373.32,375.36,1201.56,2.5296,0.28152,47.124,0.204,0.52224,0.54264,6.324,0.19992,126.48,73.44,53.04,177.48,1.3872,124.44,110.16,165.24,0.0,0.0,3445.56,53.04,1.7544,12.648,55.08,8.99028,0.29988,0.05712,0.07956,0.18972,0.21828,0.91188,4.7532,2.244,7.72548,0.3978,7.13388,0.08568,0.00204,3.8556,3.10284,0.32028,0.05916,0.04488,0.0,0.0,0.0,0.0,44.268,0.0,0.0,0.0,0.0,0.0,0.0,0.3876,0.0,0.1632,0.1632,0.0,0.0,0.0,0.0,0.2244,0.0,3.6924,0.0,3.6924,0.6324,0.6324,0.0,0.6324,0.0,0.0,0.0,0.0,0.0,0.0,0.0,0.0,0.6528,0.0,0.0,0.6528,1.0404,19.278,0.2448,0.0,1,"Pizza with meat and vegetables, regular crust"
"f52ae861-cd5b-4ec2-9af1-eec184537f78",Snow373,"4fcd4df5-55ea-4249-b8fd-7b64a1ad9e58",4,0,2,"05/20/2018 0:00","05/20/2018 23:59",05/21/2018,1,3,"05/20/2018 17:00",3,2,3,3,12,1,,12,92410310,0,24.0,0,30000,736.8,272.616,0.51576,0.14736,70.43808,665.40408,0.0,58.944,0.0,66.09096,0.0,14.736,0.8104800000000001,0.0,73.67999999999999,14.736,29.472,0.14736,0.0073679999999999995,0.7368,0.0,0.0,0.0,0.0,0.0,0.0,0.0,0.0,0.0,0.0,0.0,0.0,0.0,0.0,0.0,0.0,0.0,0.0,0.0,0.0,0.0,0.0,0.0,0.0,0.0,0.0,0.0,0.0,0.0,0.0,0.0,0.0,0.0,0.0,0.0,0.0,0.0,0.0,0.0,0.0,0.0,0.0,0.0,2.2104,0.0,0.0,0.0,0.0,0.0,0.0,0.0,0.0,0.0,0.0,0.0,0.0,0.0,0.0,0.0,0.0,0.0,0.0,0.0,0.0,0.0,0.0,0.0,0.0,0.0,0.0,0.0,0.0,0.0,0.0,0.0,0.0,0.0,0.0,0.0,0.0,0.0,15.767520000000001,0.0,1,"Soft drink, cola-type"
"f52ae861-cd5b-4ec2-9af1-eec184537f78",Snow373,"4fcd4df5-55ea-4249-b8fd-7b64a1ad9e58",4,0,2,"05/20/2018 0:00","05/20/2018 23:59",05/21/2018,1,3,"05/20/2018 17:00",3,2,3,3,13,1,,13,13110120,0,2.0,0,61396,240.0,597.6,8.4,38.88,53.496,137.28,0.0,0.0,0.0,49.56,0.0,280.8,0.816,26.4,252.0,376.8,146.4,1.128,0.0192,8.4,0.0,0.0984,0.4008,0.1968,0.108,19.2,0.0,19.2,21.6,0.936,436.8,429.6,76.8,2.4,2.4,0.0,81.6,1.224,3.12,220.8,24.7896,1.1784,0.696,0.4056,0.912,1.02,3.6624,10.0032,4.5576,10.704,0.864,9.8352,0.0048,0.0,1.632,1.0488,0.5328,0.0024,0.0336,0.0024,0.0,0.0096,0.72,62.4,0.0,0.0,0.0,0.0,0.0,0.0,0.0,0.0,0.0,0.0,0.0,0.0,0.0,0.0,0.0,0.0,0.0,0.0,0.0,0.144,0.0,0.0,0.0,0.0,0.0,0.0,0.0,0.144,0.0,0.0,0.0,0.336,0.336,0.0,0.0,0.0,37.776,9.815999999999999,0.0,1,"Ice cream, rich, flavors other than chocolate"
"f52ae861-cd5b-4ec2-9af1-eec184537f78",Snow373,"4fcd4df5-55ea-4249-b8fd-7b64a1ad9e58",4,0,2,"05/20/2018 0:00","05/20/2018 23:59",05/21/2018,1,3,"05/20/2018 17:00",3,2,3,3,14,1,,14,21501000,0,2.0,0,64195,158.0,388.68,36.7508,25.754,0.0,91.956,0.0,0.0,0.0,0.0,0.0,50.56,3.9184,31.6,311.26,504.02,646.22,9.322,0.11218,30.652,0.0,0.06794,0.2765,8.27604,0.53878,15.8,0.0,15.8,15.8,3.95,0.0,0.0,0.0,0.0,0.0,0.0,0.0,0.6952,3.16,129.56,9.96506,0.0,0.0,0.0,0.0,0.01896,0.76314,5.61216,2.94038,11.84526,0.96696,10.08356,0.09006,0.0,0.7189,0.56248,0.06952,0.0,0.0632,0.00474,0.02528,0.00158,0.316,119.922,0.0,0.0,0.0,0.0,0.0,0.0,0.0,0.0,0.0,0.0,0.0,0.0,0.0,0.0,0.0,0.0,0.0,0.0,0.0,5.0876,5.0876,5.0876,0.0,0.0,0.0,0.0,0.0,0.0,0.0,0.0,0.0,0.0,0.0,0.0,0.0,0.0,12.3714,0.0,0.0,1,"Ground beef, less than 80% lean, cooked (formerly regular)"
"f52ae861-cd5b-4ec2-9af1-eec184537f78",Snow373,"4fcd4df5-55ea-4249-b8fd-7b64a1ad9e58",4,0,2,"05/20/2018 0:00","05/20/2018 23:59",05/21/2018,1,3,"05/20/2018 17:00",3,2,3,3,14,1,,15,51320500,0,2.0,0,60847,104.0,283.92,8.944,6.552,47.84,38.48,0.0,0.0,0.0,1.6952,3.952,183.04,3.692,37.44,108.16,119.6,544.96,0.936,0.156,34.32,0.0,0.45032,0.28392,4.23488,0.07904,62.4,46.8,15.6,95.68,0.0,0.0,0.0,0.0,0.0,0.0,0.0,67.6,0.3744,2.808,0.0,1.55688,0.0,0.0,0.00312,0.0,0.0,0.02808,0.858,0.65832,3.23336,0.0052,3.22816,0.0,0.0,1.15128,1.09096,0.06032,0.0,0.0,0.0,0.0,0.0,0.0,19.448,0.0,0.0,0.0,0.0,0.0,0.0,0.0,0.0,0.0,0.0,0.0,0.0,0.0,0.0,0.0,0.0,3.6712,0.9775999999999999,2.6936,0.0,0.0,0.0,0.0,0.0,0.0,0.0,0.0,0.0,0.0,0.0,0.0,0.0,0.0,0.0,0.0,5.4496,0.0,0.3536,0.0,1,"Roll, whole wheat, NS as to 100%"
"f52ae861-cd5b-4ec2-9af1-eec184537f78",Snow373,"4fcd4df5-55ea-4249-b8fd-7b64a1ad9e58",4,0,2,"05/20/2018 0:00","05/20/2018 23:59",05/21/2018,1,3,"05/20/2018 17:00",3,2,3,3,14,1,,16,75506010,0,4.0,0,22000,20.0,13.4,0.874,0.802,1.066,16.53,0.0,0.0,0.0,0.172,0.66,11.6,0.302,9.8,21.2,27.6,227.0,0.128,0.017,6.58,0.3,0.0686,0.006,0.1046,0.0126,1.4,0.0,1.4,1.4,0.0,0.8,0.0,5.8,0.0,5.2,0.0,3.6,0.072,0.36,0.0,0.0496,0.0,0.0,0.0,0.0,6.0E-4,8.0E-4,0.028,0.0092,0.5254,0.0018,0.186,0.0682,0.2526,0.1908,0.0886,0.0916,0.0,0.0,0.0,0.0,0.0,0.0,4.48,0.0,0.0,0.0,0.0,0.0,0.0,0.0,0.0,0.0,0.0,0.0,0.0,0.0,0.0,0.0,0.0,0.0,0.0,0.0,0.0,0.0,0.0,0.0,0.0,0.0,0.0,0.0,0.0,0.0,0.0,0.0,0.0,0.0,0.0,0.0,0.0,0.0,0.0,0.0,1,Mustard
"f52ae861-cd5b-4ec2-9af1-eec184537f78",Snow373,"4fcd4df5-55ea-4249-b8fd-7b64a1ad9e58",4,0,2,"05/20/2018 0:00","05/20/2018 23:59",05/21/2018,1,3,"05/20/2018 17:00",3,2,3,3,14,1,,17,75117020,0,4.0,0,61401,56.0,22.4,0.616,0.056,5.2304,49.9016,0.0,0.0,0.0,2.3744,0.952,12.88,0.1176,5.6,16.24,81.76,2.24,0.0952,0.02184,0.28,4.144,0.02576,0.01512,0.06496,0.0672,10.64,0.0,10.64,10.64,0.0,0.0,0.0,0.56,0.0,0.0,0.0,2.24,0.0112,0.224,0.0,0.02352,0.0,0.0,0.0,0.0,0.0,0.00224,0.01904,0.00224,0.00728,0.0,0.00728,0.0,0.0,0.00952,0.00728,0.00224,0.0,0.0,0.0,0.0,0.0,0.0,3.416,0.0,0.0,0.0,0.0,0.0,0.0,0.3528,0.0,0.0,0.0,0.0,0.0,0.0,0.0,0.3528,0.0,0.0,0.0,0.0,0.0,0.0,0.0,0.0,0.0,0.0,0.0,0.0,0.0,0.0,0.0,0.0,0.0,0.0,0.0,0.0,0.0,0.0,0.0,0.0,1,"Onions, mature, raw"
"f52ae861-cd5b-4ec2-9af1-eec184537f78",Snow373,"4fcd4df5-55ea-4249-b8fd-7b64a1ad9e58",4,0,2,"05/20/2018 0:00","05/20/2018 23:59",05/21/2018,1,3,"05/20/2018 17:00",3,2,3,3,14,1,,18,14104100,0,85.05,0,98,85.05,342.7515,21.17745,28.18557,1.08864,31.255875,0.0,0.0,0.0,0.44226,0.0,613.2105,0.57834,23.814,435.456,83.34899999999999,528.1605,2.6450549999999997,0.0263655,11.821950000000001,0.0,0.022963499999999998,0.3189375,0.06804,0.06293699999999999,15.309,0.0,15.309,15.309,0.705915,225.3825,219.429,72.29249999999999,0.0,0.0,0.0,0.0,0.24664499999999998,2.3814,89.3025,17.938746,0.889623,0.4499145,0.2372895,0.5103,0.4601205,2.8321650000000003,8.3374515,3.4079535,7.987045499999999,0.853902,6.723202499999999,0.0,0.0,0.801171,0.49073849999999997,0.3104325,0.0,0.0,0.0,0.0,0.0,0.5103,14.03325,0.0,0.0,0.0,0.0,0.0,0.0,0.0,0.0,0.0,0.0,0.0,0.0,0.0,0.0,0.0,0.0,0.0,0.0,0.0,0.0,0.0,0.0,0.0,0.0,0.0,0.0,0.0,0.0,0.0,0.0,0.0,1.998675,0.0,0.0,1.998675,0.0,25.183304999999997,0.0,0.0,1,"Cheese, Cheddar"
"f52ae861-cd5b-4ec2-9af1-eec184537f78",Snow373,"4fcd4df5-55ea-4249-b8fd-7b64a1ad9e58",4,0,2,"05/20/2018 0:00","05/20/2018 23:59",05/21/2018,1,3,"05/20/2018 17:00",3,2,3,3,15,1,,19,75113080,0,1.25,0,10205,25.0,6.25,0.645,0.165,0.9125,22.9275,0.0,0.0,0.0,0.5125,0.4,40.0,0.365,11.75,13.0,92.25,6.75,0.1175,0.019,0.075,3.75,0.011000000000000001,0.0215,0.07625,0.01825,24.25,0.0,24.25,24.25,0.0,29.75,0.0,356.0,0.0,0.0,0.0,888.75,0.10749999999999998,27.15,0.0,0.0215,0.0,0.0,0.0,0.0,7.499999999999999E-4,0.0,0.018,0.001,0.01225,2.5E-4,0.0115,0.0,0.0,0.07974999999999999,0.0325,0.0425,0.0,5.0E-4,0.0,0.0,0.0,0.0,3.825,0.0,0.0,0.0,0.0,0.0,0.0,0.625,0.625,0.0,0.0,0.0,0.0,0.0,0.0,0.0,0.0,0.0,0.0,0.0,0.0,0.0,0.0,0.0,0.0,0.0,0.0,0.0,0.0,0.0,0.0,0.0,0.0,0.0,0.0,0.0,0.0,0.0,0.0,0.0,1,"Lettuce, arugula, raw"
"f52ae861-cd5b-4ec2-9af1-eec184537f78",Snow373,"4fcd4df5-55ea-4249-b8fd-7b64a1ad9e58",4,0,2,"05/20/2018 0:00","05/20/2018 23:59",05/21/2018,1,3,"05/20/2018 17:00",3,2,3,3,15,1,,20,72116000,0,1.25,0,10346,58.75,11.1625,0.8166249999999999,0.15862500000000002,2.22075,54.913625,0.0,0.0,0.0,0.41712499999999997,1.82125,36.425,0.5287499999999999,11.75,20.5625,192.1125,14.6875,0.282,0.0863625,0.17625,6.7562500000000005,0.0417125,0.0475875,0.23735,0.038775,75.78750000000001,0.0,75.78750000000001,75.78750000000001,0.0,162.7375,0.0,1949.9125000000001,0.0,0.0,0.0,2469.8500000000004,0.55225,123.61000000000001,0.0,0.031137500000000002,0.0,0.0,0.0,0.0,0.0,0.001175,0.027025,0.0017625,0.0041125,5.875E-4,0.003525,0.0,0.0,0.07402500000000001,0.045825,0.0282,0.0,0.0,0.0,0.0,0.0,0.0,7.755,0.0,0.0,0.0,0.0,0.0,0.0,0.5874999999999999,0.5874999999999999,0.0,0.0,0.0,0.0,0.0,0.0,0.0,0.0,0.0,0.0,0.0,0.0,0.0,0.0,0.0,0.0,0.0,0.0,0.0,0.0,0.0,0.0,0.0,0.0,0.0,0.0,0.0,0.0,0.0,0.0,0.0,1,"Endive, chicory, escarole, or romaine lettuce, raw"
"f52ae861-cd5b-4ec2-9af1-eec184537f78",Snow373,"4fcd4df5-55ea-4249-b8fd-7b64a1ad9e58",4,0,2,"05/20/2018 0:00","05/20/2018 23:59",05/21/2018,1,3,"05/20/2018 17:00",3,2,3,3,15,1,,21,14104100,0,0.25,0,10010,28.25,113.8475,7.03425,9.36205,0.3616,10.381875,0.0,0.0,0.0,0.1469,0.0,203.6825,0.1921,7.91,144.64,27.685,175.4325,0.878575,0.0087575,3.92675,0.0,0.0076275,0.1059375,0.0226,0.020905,5.085,0.0,5.085,5.085,0.234475,74.8625,72.885,24.0125,0.0,0.0,0.0,0.0,0.081925,0.791,29.6625,5.95849,0.295495,0.1494425,0.0788175,0.1695,0.1528325,0.940725,2.7693475,1.1319775,2.6529575,0.28363,2.2331625,0.0,0.0,0.266115,0.1630025,0.1031125,0.0,0.0,0.0,0.0,0.0,0.1695,4.66125,0.0,0.0,0.0,0.0,0.0,0.0,0.0,0.0,0.0,0.0,0.0,0.0,0.0,0.0,0.0,0.0,0.0,0.0,0.0,0.0,0.0,0.0,0.0,0.0,0.0,0.0,0.0,0.0,0.0,0.0,0.0,0.663875,0.0,0.0,0.663875,0.0,8.364825,0.0,0.0,1,"Cheese, Cheddar"
"f52ae861-cd5b-4ec2-9af1-eec184537f78",Snow373,"4fcd4df5-55ea-4249-b8fd-7b64a1ad9e58",4,0,2,"05/20/2018 0:00","05/20/2018 23:59",05/21/2018,1,3,"05/20/2018 17:00",3,2,3,3,15,1,,22,14010000,0,0.125,0,10205,14.125,47.7425,3.2092,3.6273,0.539575,6.0977625,0.0,0.0,0.0,0.3517125,0.0,134.1875,0.0918125,4.09625,85.17375,20.76375,115.26,0.387025,0.00452,2.0905,0.0,0.00409625,0.05296875,0.01596125,0.01243,2.26,0.0,2.26,2.26,0.1469,32.205,30.93375,13.70125,0.0,1.27125,0.0,3.81375,0.0565,0.36725,12.28875,2.26098875,0.1042425,0.05325125,0.03234625,0.07189625,0.06893,0.359905,1.04652125,0.42375,1.01685875,0.0952025,0.86741625,0.00720375,0.0,0.11624875,0.07924125,0.03262875,2.825E-4,0.00113,4.2375E-4,5.65E-4,1.4125E-4,0.339,3.1075,0.0,0.0,0.0,0.0,0.0,0.0,0.0,0.0,0.0,0.0,0.0,0.0,0.0,0.0,0.0,0.0,0.0,0.0,0.0,0.0,0.0,0.0,0.0,0.0,0.0,0.0,0.0,0.0,0.0,0.0,0.0,0.381375,0.0,0.0,0.381375,0.0,3.0552375,0.0,0.0,1,"Cheese, NFS"
"f52ae861-cd5b-4ec2-9af1-eec184537f78",Snow373,"4fcd4df5-55ea-4249-b8fd-7b64a1ad9e58",4,0,2,"05/20/2018 0:00","05/20/2018 23:59",05/21/2018,1,3,"05/20/2018 17:00",3,2,3,3,15,1,,23,75117020,0,0.15625,0,10010,25.0,10.0,0.275,0.025,2.335,22.2775,0.0,0.0,0.0,1.06,0.42500000000000004,5.75,0.052500000000000005,2.5,7.25,36.5,1.0,0.0425,0.00975,0.125,1.85,0.0115,0.006750000000000001,0.028999999999999998,0.03,4.75,0.0,4.75,4.75,0.0,0.0,0.0,0.25,0.0,0.0,0.0,1.0,0.005,0.1,0.0,0.010499999999999999,0.0,0.0,0.0,0.0,0.0,0.001,0.008499999999999999,0.001,0.00325,0.0,0.00325,0.0,0.0,0.0042499999999999994,0.00325,0.001,0.0,0.0,0.0,0.0,0.0,0.0,1.525,0.0,0.0,0.0,0.0,0.0,0.0,0.1575,0.0,0.0,0.0,0.0,0.0,0.0,0.0,0.1575,0.0,0.0,0.0,0.0,0.0,0.0,0.0,0.0,0.0,0.0,0.0,0.0,0.0,0.0,0.0,0.0,0.0,0.0,0.0,0.0,0.0,0.0,0.0,0.0,1,"Onions, mature, raw"
"f52ae861-cd5b-4ec2-9af1-eec184537f78",Snow373,"4fcd4df5-55ea-4249-b8fd-7b64a1ad9e58",4,0,2,"05/20/2018 0:00","05/20/2018 23:59",05/21/2018,1,3,"05/20/2018 17:00",3,2,3,3,15,1,,24,75122100,0,0.3125,0,10010,46.5625,9.3125,0.4004375,0.07915625000000001,2.1605,43.71753124999999,0.0,0.0,0.0,1.1175,0.7915625,4.65625,0.15831250000000002,4.65625,9.3125,81.484375,1.3968749999999999,0.06053125,0.030731249999999998,0.0,37.43625,0.026540625,0.0130375,0.22349999999999998,0.1043,4.65625,0.0,4.65625,4.65625,0.0,8.38125,0.0,96.85000000000001,9.778125,3.259375,0.0,158.778125,0.17228125,3.4456249999999997,0.0,0.02700625,0.0,0.0,0.0,0.0,0.0,0.0,0.02328125,0.003725,0.003725,0.0,0.003725,0.0,0.0,0.028868750000000002,0.02514375,0.003725,0.0,0.0,0.0,0.0,0.0,0.0,2.5609375,0.0,0.0,0.0,0.0,0.0,0.0,0.38646874999999997,0.0,0.0,0.0,0.0,0.0,0.0,0.0,0.38646874999999997,0.0,0.0,0.0,0.0,0.0,0.0,0.0,0.0,0.0,0.0,0.0,0.0,0.0,0.0,0.0,0.0,0.0,0.0,0.0,0.0,0.0,0.0,0.0,0.0,1,"Pepper, sweet, green, raw"
"f52ae861-cd5b-4ec2-9af1-eec184537f78",Snow373,"4fcd4df5-55ea-4249-b8fd-7b64a1ad9e58",4,0,2,"05/20/2018 0:00","05/20/2018 23:59",05/21/2018,1,3,"05/20/2018 17:00",3,2,3,3,15,1,,25,43102000,0,0.15625,0,10111,22.5,131.4,4.6755,11.5785,4.5,1.0642500000000001,0.0,0.0,0.0,0.5895,1.935,17.549999999999997,1.18125,73.125,148.5,145.125,2.0250000000000004,1.125,0.405,11.924999999999999,0.315,0.333,0.079875,1.875375,0.30262500000000003,51.075,0.0,51.075,51.075,0.0,0.675,0.0,6.75,0.0,0.0,0.0,0.0,7.91325,0.0,0.0,1.002375,0.0,0.0,0.0,0.0,0.0,0.005625,0.49724999999999997,0.38025000000000003,4.1688,0.0045,4.1354999999999995,0.019125,0.0065249999999999996,5.205824999999999,5.18625,0.013500000000000002,0.00315,0.0,0.00315,0.0,0.0,0.0,12.397499999999999,0.0,0.0,0.0,0.0,0.0,0.0,0.0,0.0,0.0,0.0,0.0,0.0,0.0,0.0,0.0,0.0,0.0,0.0,0.0,1.58625,0.0,0.0,0.0,0.0,0.0,0.0,0.0,0.0,0.0,1.58625,0.0,0.0,0.0,0.0,0.0,7.404749999999999,0.0,0.0,0.0,1,"Sunflower seeds, hulled, unroasted, without salt"
"f52ae861-cd5b-4ec2-9af1-eec184537f78",Snow373,"4fcd4df5-55ea-4249-b8fd-7b64a1ad9e58",4,0,2,"05/20/2018 0:00","05/20/2018 23:59",05/21/2018,1,3,"05/20/2018 17:00",3,2,3,3,15,1,,26,51185000,0,0.1575,0,10205,6.3,29.295,0.6804,1.1529,4.0005,0.2268,0.0,0.0,0.0,0.27783,0.315,6.048,0.17765999999999998,2.6460000000000004,8.82,11.403,68.607,0.05922,0.010584,1.8144,0.0,0.031878,0.026522999999999998,0.292698,0.005229,6.615,4.095,2.52,9.513,0.00882,0.44099999999999995,0.44099999999999995,0.378,0.0,0.0,0.0,2.835,0.0252,0.4788,0.44099999999999995,0.33056100000000005,0.005796,0.002142,0.001134,0.002835,0.003843,0.017766,0.165942,0.127449,0.598374,0.002961,0.5954130000000001,0.0,0.0,0.149184,0.140301,0.008946,0.0,0.0,0.0,0.0,0.0,0.0,0.9198,0.0,0.0,0.0,0.0,0.0,0.0,0.0,0.0,0.0,0.0,0.0,0.0,0.0,0.0,0.0,0.0,0.24759,0.0,0.24759,0.0,0.0,0.0,0.0,0.0,0.0,0.0,0.0,0.0,0.0,0.0,0.0,0.013229999999999999,0.0,0.0,0.008820000000000001,0.9135,0.05481,0.03024,0.0,1,Croutons
"f52ae861-cd5b-4ec2-9af1-eec184537f78",Snow373,"4fcd4df5-55ea-4249-b8fd-7b64a1ad9e58",4,0,2,"05/20/2018 0:00","05/20/2018 23:59",05/21/2018,1,3,"05/20/2018 17:00",3,2,3,3,15,1,,27,83112500,0,2.0,0,21000,29.4,123.774,0.38808,13.09476,1.68756,13.4799,0.0,0.0,0.0,1.37886,0.0,8.232,0.0882,1.47,53.802,18.816,264.894,0.04998,0.005586,1.029,0.0,0.00441,0.025578,0.015876,0.00882,1.176,0.0,1.176,1.176,0.05292,4.116,3.822,3.822,0.0,0.294,0.294,6.174,0.65268,36.8088,7.644,2.047416,0.001764,0.001176,0.011466,0.010584,0.003822,0.018816,1.349754,0.538608,2.694804,0.01617,2.62101,0.035574,0.014406,7.54992,6.533562,0.9996,0.0,0.00882,0.0,0.0,0.001176,0.0294,9.6432,0.0,0.0,0.0,0.0,0.0,0.0,0.0,0.0,0.0,0.0,0.0,0.0,0.0,0.0,0.0,0.0,0.0,0.0,0.0,0.0147,0.0,0.0,0.0,0.0,0.0,0.0,0.0,0.0147,0.0,0.0,0.0,0.0,0.0,0.0,0.0,12.950699999999998,0.14406,0.18522,0.0,1,"Creamy dressing"
"f52ae861-cd5b-4ec2-9af1-eec184537f78",Snow373,"4fcd4df5-55ea-4249-b8fd-7b64a1ad9e58",4,0,2,"05/20/2018 0:00","05/20/2018 23:59",05/21/2018,1,4,"05/20/2018 19:30",6,1,2,7,16,1,"Other store (any type)",28,93101000,0,16.0,0,30000,480.0,206.4,2.208,0.0,17.04,441.408,18.72,0.0,0.0,0.0,0.0,19.2,0.096,28.8,67.2,129.6,19.2,0.048,0.024,2.88,0.0,0.024,0.12,2.4624,0.2208,28.8,0.0,28.8,28.8,0.096,0.0,0.0,0.0,0.0,0.0,0.0,0.0,0.0,0.0,0.0,0.0,0.0,0.0,0.0,0.0,0.0,0.0,0.0,0.0,0.0,0.0,0.0,0.0,0.0,0.0,0.0,0.0,0.0,0.0,0.0,0.0,0.0,0.0,48.48,0.0,0.0,0.0,0.0,0.0,0.0,0.0,0.0,0.0,0.0,0.0,0.0,0.0,0.0,0.0,0.0,0.0,0.0,0.0,0.0,0.0,0.0,0.0,0.0,0.0,0.0,0.0,0.0,0.0,0.0,0.0,0.0,0.0,0.0,0.0,0.0,0.0,0.0,1.344,1,Beer
"f52ae861-cd5b-4ec2-9af1-eec184537f78",Snow373,"4fcd4df5-55ea-4249-b8fd-7b64a1ad9e58",4,0,2,"05/20/2018 0:00","05/20/2018 23:59",05/21/2018,1,4,"05/20/2018 19:30",6,1,2,7,17,1,Other,29,71201015,0,4.0,0,10247,100.0,542.0,6.56,36.4,50.81,2.28,0.0,0.0,0.0,0.37,4.4,24.0,1.61,70.0,155.0,1642.0,450.0,2.39,0.398,8.1,18.6,0.063,0.23,4.182,0.723,75.0,0.0,75.0,75.0,0.0,0.0,0.0,0.0,0.0,0.0,0.0,0.0,6.74,22.1,0.0,4.014,0.0,0.0,0.0,0.001,0.008,0.006,2.83,1.084,15.999,0.043,15.912,0.044,0.0,15.998,15.827,0.172,0.0,0.0,0.0,0.0,0.0,0.0,12.1,0.0,0.0,0.0,0.0,0.0,0.0,1.75,0.0,0.0,0.0,0.0,1.75,1.75,0.0,0.0,0.0,0.0,0.0,0.0,0.0,0.0,0.0,0.0,0.0,0.0,0.0,0.0,0.0,0.0,0.0,0.0,0.0,0.0,0.0,0.0,36.4,0.0,0.0,0.0,1,"White potato chips, regular cut"
"f52ae861-cd5b-4ec2-9af1-eec184537f78",Snow373,"4fcd4df5-55ea-4249-b8fd-7b64a1ad9e58",4,0,2,"05/20/2018 0:00","05/20/2018 23:59",05/21/2018,1,5,"05/20/2018 22:00",5,1,6,1,18,1,"Other restaurant, bar or tavern",30,75113000,0,1.0,0,10160,55.0,7.7,0.495,0.077,1.6335,52.602,0.0,0.0,0.0,1.0835,0.66,9.9,0.2255,3.85,11.0,77.55,5.5,0.0825,0.01375,0.055,1.54,0.02255,0.01375,0.06765,0.0231,15.95,0.0,15.95,15.95,0.0,13.75,0.0,164.45,2.2,0.0,0.0,152.35,0.099,13.255,0.0,0.0099,0.0,0.0,0.0,0.0,0.0,0.0,0.0088,0.0011,0.0033,5.5E-4,0.0022,0.0,0.0,0.0407,0.01155,0.0286,0.0,0.0,0.0,0.0,0.0,0.0,3.685,0.0,0.0,0.0,0.0,0.0,0.0,0.5005000000000001,0.0,0.0,0.0,0.0,0.0,0.0,0.0,0.5005000000000001,0.0,0.0,0.0,0.0,0.0,0.0,0.0,0.0,0.0,0.0,0.0,0.0,0.0,0.0,0.0,0.0,0.0,0.0,0.0,0.0,0.0,0.0,0.0,0.0,1,"Lettuce, raw"
"f52ae861-cd5b-4ec2-9af1-eec184537f78",Snow373,"4fcd4df5-55ea-4249-b8fd-7b64a1ad9e58",4,0,2,"05/20/2018 0:00","05/20/2018 23:59",05/21/2018,1,5,"05/20/2018 22:00",5,1,6,1,19,1,"Other restaurant, bar or tavern",31,27345310,0,1.5,0,10205,325.5,416.64,32.90805,20.14845,26.202749999999998,242.39985,0.0,0.0,0.0,4.7523,3.906,71.61,1.953,58.59,318.99,732.375,764.925,1.953,0.172515,36.7815,35.153999999999996,0.244125,0.341775,10.289055000000001,1.04811,94.395,26.04,71.61,113.92500000000001,0.2604,439.42499999999995,6.51,4361.700000000001,1656.795,0.0,0.0,911.4000000000001,3.5805,107.7405,100.905,3.043425,0.0,0.0,0.0,0.01953,0.00651,0.01953,2.125515,0.7063349999999999,7.672035000000001,0.19204500000000002,7.1740200000000005,0.100905,0.0,7.691565000000001,6.49047,0.96999,0.0,0.074865,0.003255,0.009765,0.00651,0.0,78.12,0.0,0.0,0.0,0.0,0.0,0.0,1.00905,0.29295,0.29295,0.0,0.29295,0.0,0.0,0.0,0.42315,0.0,0.55335,0.0,0.55335,3.255,3.255,0.0,0.0,0.0,3.255,0.0,0.0,0.0,0.0,0.0,0.0,0.0,0.0,0.0,0.0,15.396150000000002,0.0,0.0,0.0,1,"Chicken or turkey, rice, and vegetables (including carrots, broccoli, and/or dark-green leafy), soy-based sauce (mixture)"
"f52ae861-cd5b-4ec2-9af1-eec184537f78",Snow373,"4fcd4df5-55ea-4249-b8fd-7b64a1ad9e58",4,0,2,"05/20/2018 0:00","05/20/2018 23:59",05/21/2018,1,5,"05/20/2018 22:00",5,1,6,1,20,1,"Other restaurant, bar or tavern",32,27116100,0,1.0,0,10205,236.0,247.8,14.9152,14.0656,16.2604,188.8944,0.0,0.0,0.0,3.4692,4.012,77.88,2.596,49.56,148.68,531.0,202.96,3.2804,0.2124,12.508,23.128,0.1416,0.17936,2.75176,0.42008,66.08,0.0,66.08,66.08,0.8732,311.52,0.0,3282.76,901.52,0.0,250.16,2461.48,2.006,117.056,44.84,3.84444,0.00236,0.00236,0.00236,0.0236,0.0236,0.25252,2.40956,1.062,5.78672,0.32332,5.41384,0.04484,0.0,3.13172,2.61252,0.50268,0.0,0.00944,0.0,0.00708,0.0,0.0,70.8,0.0,0.0,0.0,0.0,0.0,0.0,0.8968,0.1416,0.2124,0.0472,0.1652,0.23600000000000002,0.23600000000000002,0.0,0.3068,0.0236,0.0,0.0,0.0,1.1563999999999999,1.1563999999999999,1.1563999999999999,0.0,0.0,0.0,0.0,0.0,0.0,0.0,0.0,0.11800000000000001,0.0236,0.0,0.0236,0.0,6.1832,4.3424000000000005,0.0,0.0,1,"Beef curry"
"f52ae861-cd5b-4ec2-9af1-eec184537f78",Snow373,"4fcd4df5-55ea-4249-b8fd-7b64a1ad9e58",4,0,2,"05/20/2018 0:00","05/20/2018 23:59",05/21/2018,1,5,"05/20/2018 22:00",5,1,6,1,20,1,"Other restaurant, bar or tavern",33,56205002,0,1.5,0,10043,244.5,366.75,6.357000000000001,7.45725,66.5529,161.6634,0.0,0.0,0.0,0.12225,0.978,24.450000000000003,2.8362,29.339999999999996,102.69,83.13,581.91,1.1491500000000001,0.163815,17.604,0.0,0.383865,0.031785,3.4865700000000004,0.22005,136.92000000000002,129.585,7.334999999999999,229.82999999999998,0.0,0.0,0.0,0.0,0.0,0.0,0.0,0.0,0.9290999999999999,7.5794999999999995,0.0,1.07091,0.0,0.0,0.0,0.0,0.0,0.00489,0.77262,0.22494000000000003,2.95356,0.017115,2.8973250000000004,0.036675,0.0,3.117375,2.696835,0.418095,0.0,0.0,0.0,0.0,0.0,0.0,4.89,0.0,0.0,0.0,0.0,0.0,0.0,0.0,0.0,0.0,0.0,0.0,0.0,0.0,0.0,0.0,0.0,2.8851,0.0,2.8851,0.0,0.0,0.0,0.0,0.0,0.0,0.0,0.0,0.0,0.0,0.0,0.0,0.0,0.0,0.0,0.0,6.7970999999999995,0.0,0.0,0.0,1,"Rice, white, cooked, fat added in cooking, made with oil"
"f52ae861-cd5b-4ec2-9af1-eec184537f78",Snow373,"4fcd4df5-55ea-4249-b8fd-7b64a1ad9e58",4,0,2,"05/20/2018 0:00","05/20/2018 23:59",05/21/2018,1,5,"05/20/2018 22:00",5,1,6,1,21,1,"Other restaurant, bar or tavern",34,92302000,0,9.6,0,30000,284.16,2.8415999999999997,0.0,0.0,0.85248,283.30751999999995,0.0,56.832,5.683199999999999,0.0,0.0,0.0,0.056831999999999994,8.524799999999999,2.8415999999999997,105.1392,8.524799999999999,0.056831999999999994,0.028415999999999997,0.0,0.0,0.0,0.0397824,0.0,0.0,14.208,0.0,14.208,14.208,0.0,0.0,0.0,0.0,0.0,0.0,0.0,0.0,0.0,0.0,0.0,0.005683199999999999,0.0,0.0,0.0,0.0,0.0,0.0,0.0028415999999999997,0.0,0.0028415999999999997,0.0,0.0,0.0,0.0,0.011366399999999999,0.0028415999999999997,0.008524799999999999,0.0,0.0,0.0,0.0,0.0,0.0,1.13664,0.0,0.0,0.0,0.0,0.0,0.0,0.0,0.0,0.0,0.0,0.0,0.0,0.0,0.0,0.0,0.0,0.0,0.0,0.0,0.0,0.0,0.0,0.0,0.0,0.0,0.0,0.0,0.0,0.0,0.0,0.0,0.0,0.0,0.0,0.0,0.0,0.0,0.0,0.0,1,"Tea, leaf, unsweetened"
"f52ae861-cd5b-4ec2-9af1-eec184537f78",Snow373,"4fcd4df5-55ea-4249-b8fd-7b64a1ad9e58",4,0,2,"05/20/2018 0:00","05/20/2018 23:59",05/21/2018,1,5,"05/20/2018 22:00",5,1,6,1,22,2,"Other restaurant, bar or tavern",35,91104200,0,2.0,0,22000,8.2,31.16,0.00984,0.0,8.04338,0.10988,0.0,0.0,0.0,7.95564,0.0,6.806,0.05822,0.738,0.328,10.906,2.296,0.00246,0.003854,0.0984,0.0,0.0,0.0,0.00902,0.003362,0.082,0.0,0.082,0.082,0.0,0.0,0.0,0.0,0.0,0.0,0.0,0.0,0.0,0.0,0.0,0.0,0.0,0.0,0.0,0.0,0.0,0.0,0.0,0.0,0.0,0.0,0.0,0.0,0.0,0.0,0.0,0.0,0.0,0.0,0.0,0.0,0.0,0.0,0.1886,0.0,0.0,0.0,0.0,0.0,0.0,0.0,0.0,0.0,0.0,0.0,0.0,0.0,0.0,0.0,0.0,0.0,0.0,0.0,0.0,0.0,0.0,0.0,0.0,0.0,0.0,0.0,0.0,0.0,0.0,0.0,0.0,0.0,0.0,0.0,0.0,0.0,1.8941999999999999,0.0,1,"Sugar, raw"
"f52ae861-cd5b-4ec2-9af1-eec184537f78",Snow373,"4fcd4df5-55ea-4249-b8fd-7b64a1ad9e58",4,0,2,"05/20/2018 0:00","05/20/2018 23:59",05/21/2018,1,5,"05/20/2018 22:00",5,1,6,1,23,1,"Other restaurant, bar or tavern",36,75205033,200058,0.5,0,10029,79.0,36.34,0.9875,2.2041,3.2548,71.732,0.0,0.0,0.0,1.0033,1.896,30.02,0.6715,10.27,16.59,82.16,203.82,0.1659,0.03002,0.316,1.896,0.01185,0.03555,0.158,0.02291,20.54,0.0,20.54,20.54,0.0,30.02,15.8,97.17,119.29,18.17,0.0,346.02,0.079,29.941,4.74,1.28217,0.07663,0.0474,0.02844,0.06004,0.06162,0.17617,0.56959,0.24569,0.50955,0.02291,0.48427,0.00237,0.0,0.22199,0.12087,0.09875,0.0,0.0,0.0,0.0,0.0,0.0,11.692,0.0,0.0,0.0,0.0,0.0,0.0,0.5846,0.0,0.0,0.0,0.0,0.0,0.0,0.0,0.5846,0.0,0.0,0.0,0.0,0.0,0.0,0.0,0.0,0.0,0.0,0.0,0.0,0.0,0.0,0.0,0.0,0.0,0.0,0.0,0.0,0.0,1.9118,0.0,0.0,1,"Beans, string, green, cooked, from canned, fat added in cooking W/ BUTTER, NFS"
"f52ae861-cd5b-4ec2-9af1-eec184537f78",Snow373,"4fcd4df5-55ea-4249-b8fd-7b64a1ad9e58",4,0,2,"05/20/2018 0:00","05/20/2018 23:59",05/21/2018,1,5,"05/20/2018 22:00",5,1,6,1,24,1,"Other restaurant, bar or tavern",37,75216111,0,2.0,0,61345,200.0,190.0,6.78,2.98,41.72,145.96,0.0,0.0,0.0,9.02,4.8,6.0,0.9,52.0,154.0,434.0,454.0,1.24,0.098,0.4,11.0,0.184,0.114,3.346,0.276,46.0,0.0,46.0,46.0,0.0,26.0,0.0,132.0,46.0,320.0,0.0,1802.0,0.18,0.8,0.0,0.392,0.0,0.0,0.0,0.0,0.0,0.0,0.368,0.024,0.744,0.0,0.744,0.0,0.0,1.198,1.166,0.036,0.0,0.0,0.0,0.0,0.0,0.0,57.8,0.0,0.0,0.0,0.0,0.0,0.0,1.22,0.0,0.0,0.0,0.0,1.22,0.0,1.22,0.0,0.0,0.0,0.0,0.0,0.0,0.0,0.0,0.0,0.0,0.0,0.0,0.0,0.0,0.0,0.0,0.0,0.0,0.0,0.0,0.0,0.0,0.0,0.0,0.0,1,"Corn, yellow, cooked, from fresh, fat not added in cooking"
"f52ae861-cd5b-4ec2-9af1-eec184537f78",Snow373,"4fcd4df5-55ea-4249-b8fd-7b64a1ad9e58",4,0,2,"05/20/2018 0:00","05/20/2018 23:59",05/21/2018,1,5,"05/20/2018 22:00",5,1,6,1,25,2,"Other restaurant, bar or tavern",38,81103080,0,0.6666,0,21000,9.53238,50.807585399999994,0.016205045999999997,5.701316478,0.081978468,3.582268404,0.0,0.0,0.0,0.0,0.0,2.0017998,0.0,0.19064759999999997,1.5251807999999998,2.859714,61.007231999999995,0.0,0.0,0.0,0.00953238,6.672665999999999E-4,0.0024784188,0.0015251808,0.35746425,0.09532379999999999,0.0,0.09532379999999999,0.09532379999999999,1.0294970399999999,78.0701922,73.2086784,58.147518,0.0,0.0,0.0,0.0,2.013238656,9.65630094,0.09532379999999999,1.1520834467999999,0.0013345331999999998,5.719428E-4,8.579141999999999E-4,0.0068633135999999996,0.01906476,0.015633103199999998,0.6061640441999999,0.4533599928,1.8443248823999998,0.0051474851999999995,1.8174435707999999,0.018492817199999997,0.0,2.5238882526,2.2626057168,0.258804117,0.0,0.0,0.0,4.76619E-4,0.0,0.15251808,0.9723027599999999,0.0,0.0,0.0,0.0,0.0,0.0,0.0,0.0,0.0,0.0,0.0,0.0,0.0,0.0,0.0,0.0,0.0,0.0,0.0,0.0,0.0,0.0,0.0,0.0,0.0,0.0,0.0,0.0,0.0,0.0,0.0,0.0,0.0,0.0,0.0,2.8511348580000004,2.8511348580000004,0.0,0.0,1,"Margarine-like spread, tub, salted"
"f52ae861-cd5b-4ec2-9af1-eec184537f78",Snow373,"4fcd4df5-55ea-4249-b8fd-7b64a1ad9e58",4,0,2,"05/20/2018 0:00","05/20/2018 23:59",05/21/2018,1,6,"05/21/2018 0:00",6,1,4,98,26,1,"Other: Gift",39,91745020,0,5.0,1000179,61667,10.0,39.4,0.0,0.02,9.8,0.13,0.0,0.0,0.0,6.29,0.0,0.3,0.03,0.3,0.3,0.5,3.8,0.001,0.0029,0.06,0.0,4.0E-4,3.0000000000000003E-4,6.999999999999999E-4,3.0000000000000003E-4,0.0,0.0,0.0,0.0,0.0,0.0,0.0,0.0,0.0,0.0,0.0,0.0,0.0,0.0,0.0,0.0,0.0,0.0,0.0,0.0,0.0,0.0,0.0,0.0,0.0,0.0,0.0,0.0,0.0,0.0,0.0,0.0,0.0,0.0,0.0,0.0,0.0,0.0,0.0,0.0,0.0,0.0,0.0,0.0,0.0,0.0,0.0,0.0,0.0,0.0,0.0,0.0,0.0,0.0,0.0,0.0,0.0,0.0,0.0,0.0,0.0,0.0,0.0,0.0,0.0,0.0,0.0,0.0,0.0,0.0,0.0,0.0,0.0,0.0,0.0,0.0,1.4980000000000002,0.0,1,"Hard candy"
"f52ae861-cd5b-4ec2-9af1-eec184537f78",Snow373,"4fcd4df5-55ea-4249-b8fd-7b64a1ad9e58",4,0,2,"05/20/2018 0:00","05/20/2018 23:59",05/21/2018,1,6,"05/21/2018 0:00",6,1,4,98,27,1,"Other: Gift",40,53206020,0,2.0,0,61238,60.0,294.0,3.48,16.908,35.586,3.084,0.0,8.4,66.6,24.636,1.62,25.2,1.314,31.2,66.6,114.6,168.6,0.594,0.2364,6.3,0.06,0.1026,0.0966,0.7638,0.0576,24.0,12.6,11.4,33.0,0.048,70.2,68.4,15.6,0.0,0.6,0.0,25.2,0.354,1.68,34.8,7.7838,0.2988,0.186,0.1104,0.2346,0.2394,0.6924,3.447,2.4528,4.1274,0.1056,4.0008,0.0204,0.0,4.0032,3.2808,0.7098,0.0,0.0078,0.0,0.0,0.0024,0.24,18.54,0.0,0.0,0.0,0.0,0.0,0.0,0.0,0.0,0.0,0.0,0.0,0.0,0.0,0.0,0.0,0.0,0.72,0.0,0.72,0.6,0.0,0.0,0.0,0.0,0.0,0.0,0.0,0.084,0.0,0.516,0.0,0.0,0.0,0.0,0.0,3.426,11.796,5.79,0.0,1,"Cookie, chocolate chip, made from home recipe or purchased at a bakery"
"f52ae861-cd5b-4ec2-9af1-eec184537f78",Snow373,"4fcd4df5-55ea-4249-b8fd-7b64a1ad9e58",4,0,2,"05/20/2018 0:00","05/20/2018 23:59",05/21/2018,1,7,"05/21/2018 2:00",7,1,4,1,28,1,"Fast food or drive-thru restaurant",41,13110100,0,2.25,0,61396,270.0,558.9,9.450000000000001,29.7,63.72,164.70000000000002,0.0,0.0,0.0,57.294,1.89,345.59999999999997,0.243,37.800000000000004,283.5,537.3000000000001,216.0,1.863,0.0621,4.86,1.6199999999999999,0.1107,0.6479999999999999,0.3132,0.1296,13.5,0.0,13.5,13.5,1.0530000000000002,318.59999999999997,313.2,51.300000000000004,0.0,0.0,0.0,0.0,0.8099999999999999,0.8099999999999999,118.8,18.333,0.972,0.567,0.32399999999999995,0.756,0.837,3.051,8.262,3.5532,8.016300000000001,0.5562,7.4601,0.0,0.0,1.2204,0.7425,0.4725,0.0,0.0,0.0081,0.0,0.0,0.54,70.2,0.0,0.0,0.0,0.0,0.0,0.0,0.0,0.0,0.0,0.0,0.0,0.0,0.0,0.0,0.0,0.0,0.0,0.0,0.0,0.0,0.0,0.0,0.0,0.0,0.0,0.0,0.0,0.0,0.0,0.0,0.0,0.621,0.621,0.0,0.0,0.0,28.755000000000003,11.258999999999999,0.0,1,"Ice cream, regular, flavors other than chocolate"
"f52ae861-cd5b-4ec2-9af1-eec184537f78",Snow373,"4fcd4df5-55ea-4249-b8fd-7b64a1ad9e58",4,0,2,"05/20/2018 0:00","05/20/2018 23:59",05/21/2018,1,7,"05/21/2018 2:00",7,1,4,1,28,1,"Fast food or drive-thru restaurant",42,11111000,0,0.375,0,10205,91.5,55.815,2.88225,2.97375,4.3919999999999995,80.63895000000001,0.0,0.0,0.0,4.620749999999999,0.0,103.39500000000001,0.027450000000000002,9.149999999999999,76.86,120.78,39.345,0.33855,0.022875,3.3855000000000004,0.0,0.04209,0.154635,0.081435,0.03294,4.574999999999999,0.0,4.574999999999999,4.574999999999999,0.41175000000000006,42.089999999999996,41.175,6.404999999999999,0.0,0.0,0.0,0.0,0.06405,0.27449999999999997,9.149999999999999,1.7064750000000002,0.06862499999999999,0.06862499999999999,0.06862499999999999,0.06862499999999999,0.07045499999999999,0.27175499999999997,0.758535,0.33397499999999997,0.74298,0.0,0.74298,0.0,0.0,0.178425,0.10980000000000001,0.06862499999999999,0.0,0.0,0.0,0.0,0.0,1.1895,13.084500000000002,0.0,0.0,0.0,0.0,0.0,0.0,0.0,0.0,0.0,0.0,0.0,0.0,0.0,0.0,0.0,0.0,0.0,0.0,0.0,0.0,0.0,0.0,0.0,0.0,0.0,0.0,0.0,0.0,0.0,0.0,0.0,0.37515,0.37515,0.0,0.0,0.0,2.4156,0.0,0.0,1,"Milk, cow's, fluid, whole"
"f52ae861-cd5b-4ec2-9af1-eec184537f78",Snow373,"4fcd4df5-55ea-4249-b8fd-7b64a1ad9e58",4,0,2,"05/20/2018 0:00","05/20/2018 23:59",05/21/2018,1,7,"05/21/2018 2:00",7,1,4,1,28,1,"Fast food or drive-thru restaurant",43,63223020,0,3.0,0,61241,36.0,11.52,0.2412,0.10799999999999998,2.7648,32.742,0.0,0.0,0.0,1.7604,0.72,5.76,0.1476,4.68,8.64,55.08,0.36,0.0504,0.01728,0.14400000000000002,21.168,0.00864,0.00792,0.13896,0.01692,8.64,0.0,8.64,8.64,0.0,0.36,0.0,2.52,0.0,0.0,0.0,9.36,0.10439999999999999,0.792,0.0,0.0054,0.0,0.0,0.0,0.0,0.0,0.0,0.00432,0.00108,0.015479999999999999,3.6E-4,0.015120000000000001,0.0,0.0,0.055799999999999995,0.0324,0.023399999999999997,0.0,0.0,0.0,0.0,0.0,0.0,2.052,0.0,0.0,0.2484,0.2484,0.0,0.0,0.0,0.0,0.0,0.0,0.0,0.0,0.0,0.0,0.0,0.0,0.0,0.0,0.0,0.0,0.0,0.0,0.0,0.0,0.0,0.0,0.0,0.0,0.0,0.0,0.0,0.0,0.0,0.0,0.0,0.0,0.0,0.0,0.0,1,"Strawberries, raw"
"f52ae861-cd5b-4ec2-9af1-eec184537f78",Snow373,"4fcd4df5-55ea-4249-b8fd-7b64a1ad9e58",4,0,2,"05/20/2018 0:00","05/20/2018 23:59",05/21/2018,1,7,"05/21/2018 2:00",7,1,4,1,28,1,"Fast food or drive-thru restaurant",44,91302010,0,1.5,0,21000,31.5,95.76,0.0945,0.0,25.955999999999996,5.3865,0.0,0.0,0.0,25.867800000000003,0.063,1.8900000000000001,0.1323,0.63,1.26,16.38,1.26,0.0693,0.01134,0.252,0.1575,0.0,0.011969999999999998,0.038114999999999996,0.007560000000000001,0.63,0.0,0.63,0.63,0.0,0.0,0.0,0.0,0.0,0.0,0.0,0.0,0.0,0.0,0.0,0.0,0.0,0.0,0.0,0.0,0.0,0.0,0.0,0.0,0.0,0.0,0.0,0.0,0.0,0.0,0.0,0.0,0.0,0.0,0.0,0.0,0.0,0.0,0.6930000000000001,0.0,0.0,0.0,0.0,0.0,0.0,0.0,0.0,0.0,0.0,0.0,0.0,0.0,0.0,0.0,0.0,0.0,0.0,0.0,0.0,0.0,0.0,0.0,0.0,0.0,0.0,0.0,0.0,0.0,0.0,0.0,0.0,0.0,0.0,0.0,0.0,0.0,6.158250000000001,0.0,1,Honey
"f52ae861-cd5b-4ec2-9af1-eec184537f78",Snow373,"4fcd4df5-55ea-4249-b8fd-7b64a1ad9e58",4,0,2,"05/20/2018 0:00","05/20/2018 23:59",05/21/2018,1,7,"05/21/2018 2:00",7,1,4,1,28,1,"Fast food or drive-thru restaurant",45,91101000,0,0.75,0,22000,3.1500000000000004,12.1905,0.0,0.0,3.1493700000000002,6.3E-4,0.0,0.0,0.0,3.1437,0.0,0.0315,0.001575,0.0,0.0,0.063,0.0315,3.15E-4,2.205E-4,0.0189,0.0,0.0,5.985E-4,0.0,0.0,0.0,0.0,0.0,0.0,0.0,0.0,0.0,0.0,0.0,0.0,0.0,0.0,0.0,0.0,0.0,0.0,0.0,0.0,0.0,0.0,0.0,0.0,0.0,0.0,0.0,0.0,0.0,0.0,0.0,0.0,0.0,0.0,0.0,0.0,0.0,0.0,0.0,0.0,0.0,0.0,0.0,0.0,0.0,0.0,0.0,0.0,0.0,0.0,0.0,0.0,0.0,0.0,0.0,0.0,0.0,0.0,0.0,0.0,0.0,0.0,0.0,0.0,0.0,0.0,0.0,0.0,0.0,0.0,0.0,0.0,0.0,0.0,0.0,0.0,0.0,0.0,0.7484400000000001,0.0,1,"Sugar, NFS"
"f52ae861-cd5b-4ec2-9af1-eec184537f78",Snow373,"4fcd4df5-55ea-4249-b8fd-7b64a1ad9e58",4,0,2,"05/20/2018 0:00","05/20/2018 23:59",05/21/2018,1,8,"05/21/2018 3:00",6,3,5,1,29,1,"Other store (any type)",46,51301010,0,1.5,0,64355,42.0,113.39999999999999,4.3553999999999995,1.4447999999999999,20.773200000000003,14.502600000000001,0.0,0.0,0.0,2.5536,1.7639999999999998,57.96,1.4784000000000002,19.32,64.26,76.44,217.98,0.49560000000000004,0.06762,12.096,0.084,0.19782,0.1134,2.49186,0.04494,35.7,8.399999999999999,27.299999999999997,41.58,0.0,0.0,0.0,0.42000000000000004,0.0,0.0,0.0,18.48,0.0798,2.0580000000000003,0.0,0.33726,0.0033599999999999997,4.1999999999999996E-4,0.0021,0.014280000000000001,0.00546,0.00588,0.19362000000000001,0.10038,0.26964,0.00924,0.25242000000000003,0.0071400000000000005,0.0,0.6757799999999999,0.61026,0.06342,0.0,0.00126,8.399999999999999E-4,0.0,0.0,0.0,7.853999999999999,0.0,0.0,0.0,0.0,0.0,0.0,0.0,0.0,0.0,0.0,0.0,0.0,0.0,0.0,0.0,0.0,1.491,0.4158,1.0752,0.0,0.0,0.0,0.0,0.0,0.0,0.0,0.0,0.0,0.0,0.0,0.0,0.0,0.0,0.0,0.0,1.2012,0.0,0.5376,0.0,1,"Bread, wheat or cracked wheat"
"f52ae861-cd5b-4ec2-9af1-eec184537f78",Snow373,"4fcd4df5-55ea-4249-b8fd-7b64a1ad9e58",4,0,2,"05/20/2018 0:00","05/20/2018 23:59",05/21/2018,1,8,"05/21/2018 3:00",6,3,5,1,29,1,"Other store (any type)",47,83107000,0,0.75,0,21000,10.350000000000001,70.38,0.09935999999999999,7.746975,0.05899499999999999,2.2407749999999997,0.0,0.0,0.0,0.05899499999999999,0.0,0.8280000000000001,0.021734999999999997,0.10350000000000001,2.1735,2.07,65.7225,0.015525,0.0019665000000000004,0.23805,0.0,0.001035,0.0019665000000000004,0.0,8.28E-4,0.5175,0.0,0.5175,0.5175,0.012419999999999999,1.6560000000000001,1.5524999999999998,0.621,0.0,0.41400000000000003,0.0,1.242,0.33948,16.8705,4.347,1.2112604999999999,0.0,0.0,0.0,0.0,0.0,0.0056925000000000005,0.8185815000000001,0.3207465,1.7432504999999998,0.009108,1.7030925,0.024633,0.002277,4.625415,4.051611,0.5646960000000001,0.0,0.005175,0.0,0.0,5.175E-4,0.0207,3.5397,0.0,0.0,0.0,0.0,0.0,0.0,0.0,0.0,0.0,0.0,0.0,0.0,0.0,0.0,0.0,0.0,0.0,0.0,0.0,0.015525,0.0,0.0,0.0,0.0,0.0,0.0,0.0,0.015525,0.0,0.0,0.0,0.0,0.0,0.0,0.0,7.5555,0.044505,0.0,0.0,1,"Mayonnaise, regular"
"f52ae861-cd5b-4ec2-9af1-eec184537f78",Snow373,"4fcd4df5-55ea-4249-b8fd-7b64a1ad9e58",4,0,2,"05/20/2018 0:00","05/20/2018 23:59",05/21/2018,1,8,"05/21/2018 3:00",6,3,5,1,29,1,"Other store (any type)",48,25230210,0,1.5,0,62008,42.0,55.019999999999996,7.1106,1.47,0.4074,31.512600000000003,0.0,0.0,0.0,0.0,0.0,2.0999999999999996,0.24359999999999998,7.5600000000000005,109.62,194.04000000000002,551.88,0.6594,0.07266,13.272000000000002,0.0,0.14112,0.11172000000000001,2.39274,0.16548000000000002,0.0,0.0,0.8400000000000001,0.8400000000000001,0.1512,0.0,0.0,0.0,0.0,0.0,0.0,0.0,0.12179999999999999,0.0,17.22,0.46746,0.0,0.0016799999999999999,0.0,0.0,0.0,0.0189,0.30576,0.14112,0.7077,0.044520000000000004,0.6531,0.01008,0.0,0.14700000000000002,0.1344,0.006719999999999999,0.0,0.00546,0.0,0.0,0.0,0.29400000000000004,26.208000000000002,0.0,0.0,0.0,0.0,0.0,0.0,0.0,0.0,0.0,0.0,0.0,0.0,0.0,0.0,0.0,0.0,0.0,0.0,0.0,1.4826,1.4826,0.0,1.4826,0.0,0.0,0.0,0.0,0.0,0.0,0.0,0.0,0.0,0.0,0.0,0.0,0.0,0.0,0.0,0.0,1,"Ham, sliced, prepackaged or deli, luncheon meat"
"f52ae861-cd5b-4ec2-9af1-eec184537f78",Snow373,"4fcd4df5-55ea-4249-b8fd-7b64a1ad9e58",4,0,2,"05/20/2018 0:00","05/20/2018 23:59",05/21/2018,1,8,"05/21/2018 3:00",6,3,5,1,29,1,"Other store (any type)",49,14410130,0,15.946874999999999,0,98,15.946874999999999,20.0930625,3.3568171874999995,0.0,1.6792059375,10.440419062499998,0.0,0.0,0.0,0.8388056249999999,0.0,125.82084374999998,0.0,18.338906249999997,50.392125,62.671218749999994,209.860875,0.6554165624999999,0.08914303125,2.3282437499999995,0.0,0.065701125,0.08691046875,0.8866462499999999,0.09041878124999998,1.4352187499999998,0.0,1.4352187499999998,1.4352187499999998,0.29501718749999994,8.930250000000001,8.77078125,0.4784062499999999,0.0,0.0,0.0,0.0,0.0430565625,0.03189375,4.1461875,0.0,0.0,0.0,0.0,0.0,0.0,0.0,0.0,0.0,0.0,0.0,0.0,0.0,0.0,0.0,0.0,0.0,0.0,0.0,0.0,0.0,0.0,0.015946875,6.1236,0.0,0.0,0.0,0.0,0.0,0.0,0.0,0.0,0.0,0.0,0.0,0.0,0.0,0.0,0.0,0.0,0.0,0.0,0.0,0.0,0.0,0.0,0.0,0.0,0.0,0.0,0.0,0.0,0.0,0.0,0.0,0.37475156249999997,0.0,0.0,0.37475156249999997,0.0,0.0,0.0,0.0,1,"Cheese, American, nonfat or fat free"
"f52ae861-cd5b-4ec2-9af1-eec184537f78",Snow373,"4fcd4df5-55ea-4249-b8fd-7b64a1ad9e58",4,0,2,"05/20/2018 0:00","05/20/2018 23:59",05/21/2018,1,8,"05/21/2018 3:00",6,3,5,1,29,1,"Other store (any type)",50,14104110,0,15.946874999999999,0,98,15.946874999999999,49.27584374999999,4.3614703125,3.2547571874999996,0.6474431249999999,7.0628709375,0.0,0.0,0.0,0.041461874999999995,0.0,121.35571875,0.019136249999999997,4.30565625,82.92375,10.04653125,100.14637499999999,0.70804125,0.0068571562499999995,5.708981249999999,0.0,0.00334884375,0.06330909374999999,0.023122968749999997,0.013395375,3.189375,0.0,3.189375,3.189375,0.2248509375,23.12296875,22.644562499999996,4.4651250000000005,0.0,0.15946875,0.0,0.637875,0.07654499999999999,0.23920312499999996,12.119625,2.0096251874999997,0.07000678125,0.05756821875,0.03635887499999999,0.08978090624999999,0.10221946874999999,0.3269109375,0.91838053125,0.34429303125,0.8458222499999999,0.052146281249999996,0.74774896875,0.00637875,3.189375E-4,0.14240559375,0.11848528124999999,0.010206,0.0,0.0055814062499999996,9.568125E-4,0.0015946875,0.0,0.047840625,2.4558187499999997,0.0,0.0,0.0,0.0,0.0,0.0,0.0,0.0,0.0,0.0,0.0,0.0,0.0,0.0,0.0,0.0,0.0,0.0,0.0,0.0,0.0,0.0,0.0,0.0,0.0,0.0,0.0,0.0,0.0,0.0,0.0,0.37475156249999997,0.0,0.0,0.37475156249999997,0.0,2.6918324999999994,0.0,0.0,1,"Cheese, Cheddar, reduced fat"
"f52ae861-cd5b-4ec2-9af1-eec184537f78",Snow373,"4fcd4df5-55ea-4249-b8fd-7b64a1ad9e58",4,0,2,"05/20/2018 0:00","05/20/2018 23:59",05/21/2018,1,8,"05/21/2018 3:00",6,3,5,1,29,1,"Other store (any type)",51,14106200,0,15.946874999999999,0,98,15.946874999999999,59.481843749999996,3.9037949999999997,4.8287137499999995,0.10843874999999999,6.539813437499999,0.0,0.0,0.0,0.079734375,0.0,118.96368749999999,0.11481749999999999,4.30565625,70.804125,12.91696875,95.68124999999999,0.4784062499999999,0.005103,2.3122968749999995,0.0,0.0023920312499999996,0.06219281249999999,0.01483059375,0.012598031249999999,2.8704374999999995,0.0,2.8704374999999995,2.8704374999999995,0.13235906249999999,31.574812499999997,30.617999999999995,12.4385625,0.0,0.0,0.0,0.0,0.041461874999999995,0.398671875,14.19271875,3.0404311875,0.1565983125,0.038910375,0.04879743749999999,0.08978090624999999,0.06346856249999999,0.57616059375,1.23795590625,0.5458615312499999,1.3955110312499999,0.14718965625,1.17496575,0.0,0.0,0.14336240625,0.10158159374999999,0.04162134375,0.0,0.0,0.0,0.0,0.0,0.09568125,2.4558187499999997,0.0,0.0,0.0,0.0,0.0,0.0,0.0,0.0,0.0,0.0,0.0,0.0,0.0,0.0,0.0,0.0,0.0,0.0,0.0,0.0,0.0,0.0,0.0,0.0,0.0,0.0,0.0,0.0,0.0,0.0,0.0,0.37475156249999997,0.0,0.0,0.37475156249999997,0.0,4.2657890625,0.0,0.0,1,"Cheese, Monterey"
